14048.025126071325	8830.963172145064	272.7322597645731	0.11040916924621043	-20.219314628864513	680100.6713899175	8.647660329633028E-4
52623.40112010919	1478.2846712166308	5209.495504216516	0.15012804413793707	-9.732436001888066	33816.79036756071	6.735581858700022E-4
630463.7137004979	8765.924819301727	3757.963511347287	0.18513523814138855	-60.713961840388734	494966.0243678495	5.208067055352334E-4
14050.686432598894	5301.306011422015	2205.495470842667	0.1147028678364634	-56.57661187911013	77817.02556009793	6.952788578647811E-4
103557.63737463969	1120.6814819557599	4031.5687594739843	0.15952780811830353	37.22335636544361	433124.0491714727	3.38725824065643E-4
651091.5483735825	1666.6903397607525	1858.7458261786599	0.1858297639614035	3.927238321482284	394586.918381804	5.582089762584372E-4
16338.439508255376	9497.223036446749	799.4623617882135	0.11183222422958917	51.27275688945297	23034.408282992434	0.0010020002397693889
30478.942411786447	410.6606157711523	264.7377441836222	0.14232967873857727	-14.405355579751665	347921.93974720506	9.636054598629101E-4
100579.05331363846	375.82760115809634	5005.488187525779	0.1595135596746357	-9.710423863356834	785195.7390240891	4.736387679807698E-4
326891.865539623	7918.123020107005	5483.7321361736	0.17588299430361665	36.86523579834946	165889.35367909187	8.330791129857554E-4
18400.017733976245	282.7724227474238	494.58404817773254	0.13293974583224127	-1.4537790223706168	680299.5636718351	3.424609393265812E-4
11547.35843620812	5027.1285922581155	5018.708855765494	0.10060638981438151	-51.06699715077967	215266.77699273918	4.891773272745089E-4
14932.64852180397	6450.976227640943	4441.2746189369955	0.11016672146219231	-54.697687726553944	508758.38094055303	4.7977333134275745E-4
82235.44083274095	5864.554137888061	3880.73358483862	0.15481776441651718	-59.79011160036796	359551.8765856887	3.24557540663186E-4
6341.791237205799	647.782986811778	2594.7245910269535	0.10495602611403132	35.976362895082346	341007.0702585524	5.662952845770532E-4
16731.19410136516	6503.368684910594	5926.426955143431	0.12300682955748893	-37.94134465589757	563718.9068112399	9.552094646031522E-4
295052.44000379683	6904.914540597814	1657.412063307162	0.1741486087400964	51.45609826643886	657783.9260784651	1.7240902317862267E-4
50026.991249834195	16.386506175720683	2514.416273187839	0.14949542190787074	29.237054320047065	301183.2851208658	8.511720336167373E-4
313979.07616638497	1844.1329334311285	5352.583898165701	0.17553880074906092	-26.4023591632752	56816.41458580358	3.461312826214173E-4
19600.979511905978	9204.284893984484	1447.347590736261	0.12544013665135526	13.591654944092806	223674.43390013083	7.921891716042795E-4
18828.421979307906	2068.7492840294663	737.4509528353692	0.13352319776525962	-20.291308361096213	280136.4248311631	0.0011463024676858606
157540.16530736044	7812.039009539351	3156.208857514135	0.16531913944714222	-2.0942695980979997	375021.5980858533	7.706963026429491E-4
402463.48062163946	3722.9855591605633	3965.315360811405	0.17895950878136524	51.87338714740101	131520.89554345622	7.494046233575277E-4
97132.20417415348	5436.866859947876	3491.934825548637	0.15810441525310395	-50.76514467799195	197240.94013597217	0.0012023527295988948
6719.344718397169	557.1558335763805	2022.0749723359281	0.10077431423434671	46.0761570245368	299646.63563469646	4.85685155396951E-4
19783.113956671314	7723.271649200697	5560.166422705312	0.12340763114980127	47.23562941573555	737459.9763182577	6.419663823272441E-4
482469.2177624768	2236.267380239486	3969.609164634306	0.1814888613485361	-44.7723552899174	69884.7696174163	2.127223761571313E-4
80589.13076898233	5034.311326670676	1934.6190327065824	0.1554980313733964	-30.22150100746171	777187.9398909276	0.001040201739159417
20288.14156314071	7860.21608522117	2061.988705168167	0.12539471313458847	-50.284073448383545	597058.7763220504	0.001231318045445208
115827.67859669772	6578.2171260966725	331.25402911427955	0.1606307396635525	-39.77080667624323	796866.0879902563	7.3363169708345E-4
37405.96401954892	8879.708539908794	1454.9886720565885	0.14053585750456293	49.302483381036225	156491.56969872292	9.847891157715697E-4
14794.170304672693	6716.051563936238	3235.4771023829444	0.12205426512102287	2.692157794341392	138691.57537886765	0.0010424054292637245
133014.5982551312	1140.8957959727884	4472.238889094759	0.16335299076061388	46.447885175703185	148148.0291114812	7.66106050121548E-4
16474.25379532039	4364.152274494319	5471.391265673565	0.12404069172570091	57.450527150644646	213638.81982797975	0.0010647067159264196
21016.463317329915	5018.81232296016	433.5622061438657	0.13218286516503663	-20.467488798805057	249310.032931017	6.62017694200297E-4
9780.223680614823	5254.327543431868	2128.6386487545888	0.11021042180249452	-2.3822526709840295	238490.61453640563	7.994536986088225E-4
192832.7995001016	9275.992690871726	3265.505472554389	0.167928712074373	-56.78838619321382	440606.54337755276	6.471718301821706E-4
9976.099923967939	1077.4409073886527	2584.8863297329444	0.12439165405745865	-2.271278123743842	91731.90865137379	0.001237393913855684
29547.439255503876	3005.91879648635	3319.756629345349	0.13944216737799292	41.95758413103364	403046.2903079638	8.301320198176236E-4
13961.749277561063	4707.515292089479	5846.587297133569	0.12258289523398726	-8.984416591665035	428563.46355969255	5.558885869656771E-4
57975.632303697006	6740.950773367319	2763.49299462187	0.1498492065106629	2.8509939785440204	67243.40883983576	3.902512917079432E-4
227411.32339349383	9372.977764047268	3294.5461883061794	0.1706065762007682	-7.8241710054198546	457658.71341136174	7.86227945709622E-4
815545.9009644642	6591.0141561519495	1537.6751014495846	0.18885985071780004	-51.56739777598498	341837.1414054142	7.651263965061724E-4
719230.0528616001	2912.2351607191176	1306.329360965926	0.18716459637940974	45.95074230829003	528912.2397129997	6.267416522432708E-4
7340.098505810741	3296.0868354930926	4300.262575840292	0.10158763847175883	19.76843818873816	7757.13677648686	4.8677853858811686E-4
20244.62923338515	2672.8319550599576	325.72498281549065	0.1325285118413336	49.781219887272755	73418.43343276042	0.0010930095548179928
1622618.2952313381	8484.940390119209	1174.7594242357375	0.19847108052402362	-39.18403365391951	64335.21767895187	1.883196576364529E-4
1448331.9391675289	8685.117781235187	5996.254228931627	0.19692327283179178	4.816063850560534	293551.5586071782	6.761897504555785E-4
29948.870887833644	3079.9953222123577	1438.9902244280256	0.1406811770417919	-19.052042578528248	326761.42138553475	0.001039876743192937
10206.256097951726	5431.866204460496	397.8816515342589	0.10665014148796989	-22.164436683639842	387837.59683289996	6.910444855622107E-4
943347.8152393437	8103.7694156634	611.5441341852911	0.19088206364467433	53.778613961304565	692656.1326174724	9.593448632430729E-4
119479.37308689074	486.3824332618116	3915.3821111811117	0.162160248361239	0.5941201812864798	13963.693790497398	9.310829241047574E-4
18479.14790767369	7083.61927259101	4972.379595164204	0.12065190409758637	58.73185418958478	509427.5266754198	7.864517857419766E-4
8443.413291537325	405.62027689720946	4380.839251005724	0.11170322976246551	52.83321434655217	323616.60905833455	6.820924642698241E-4
409646.3184002585	1156.8289960821376	1085.1298627954536	0.17938396288025887	4.2493804727492535	655317.8792723415	8.572226266639418E-4
17805.66230144685	4876.244987085787	5809.98433995724	0.12830302118836692	-29.676134358489588	181573.7950825103	8.111613173740574E-4
399925.4534265399	5947.537282448206	6001.032371264767	0.1786596056766821	-51.23448271024112	286813.7516769334	2.0420188178910055E-4
24119.871220710847	6525.806621920517	4214.626925256963	0.13426270567618132	3.049859449726371	486096.4231767958	8.561236047511287E-4
16584.438446856104	2448.324220820265	2472.5691612715555	0.12564388339477894	-10.672814023785039	520800.1722780909	2.1022243817100708E-4
1564379.156983431	1929.0547950650382	6010.314289400651	0.1980265436283167	60.55041202395394	777063.7532803898	7.634229339799552E-4
521363.1979248562	7204.1296966607	1163.1673370822068	0.18253098994839806	-19.73528720921715	608078.7350394409	3.321346076209326E-4
28044.42983825544	5624.170822457598	878.1065492006932	0.1376736952548798	0.1506371656504788	756559.6576562889	7.564927086797015E-4
60309.26392553062	8300.085859104369	436.2563245758901	0.15041059805024615	-7.987714929533597	224896.21355847843	0.0010216323092416906
724851.6027847028	7912.6020900914955	2059.953305856686	0.18716988024051684	-59.386790313791685	181817.81248489855	0.0011850830864215908
1509247.5373980578	6785.051562528419	4693.763929304068	0.19750045080238893	-35.97561515665078	732046.602935152	5.516281745313305E-4
10812.072534391917	7017.56589011773	3515.924792608392	0.10426823761928516	-21.698053666565194	306518.489520645	8.905366437300626E-4
78924.80849472017	8009.980632848901	6019.664007183449	0.15410143915434904	-54.124515416809395	125829.81147013971	5.583263481145062E-4
1495551.5274212293	5623.40724792764	1330.0071837993703	0.1973975043710752	-26.014545511401856	532727.3103230027	0.0010178104390955601
8199.511554557606	3554.085942800155	3765.9675572404058	0.10712418401735631	0.9232800747292464	484323.996299358	5.627222378310359E-4
271208.3618330618	7357.187936697535	4356.305885158615	0.17327162146768327	16.82212519476384	763446.2010555351	0.001174017389954875
15194.135710151395	1533.6783148016898	85.65058835168378	0.12936286930182989	37.34845508917353	218469.82378713897	0.001182033541917336
55767.47047957749	572.859315371802	4967.415390790011	0.15069277297805572	31.19849018519213	421761.2125196809	4.502499963243306E-4
25140.443702265915	6995.20084552946	2284.359375143411	0.12903498142701014	-39.72528931675401	592967.7120047419	2.012594596121689E-4
39876.444029199374	9492.810898753634	2768.557013273741	0.14123694031876283	-50.99883409930251	336259.20286215097	9.389683044485251E-4
33243.50423962578	7408.5871931868	448.2494932549445	0.1382911600917061	53.4031373957272	574149.9145773178	8.633510963487651E-4
49271.61997540559	7691.617983304389	5564.113195784561	0.14690947379652605	-19.94094829314865	291246.70392654417	6.493855701706905E-4
34417.451898309126	7887.449486556328	1882.1501397222135	0.14039198667494018	-34.14554789412788	7504.077559842813	0.0012355770737090914
11772.527322752363	2513.274477892763	313.44118139184957	0.12244265881977558	-25.37670251244984	733465.7692268941	8.202294289274656E-4
302542.37888636475	894.6872174096699	1876.7936489381882	0.1751115928378726	33.24420007841063	185806.70675765866	9.064664702662011E-4
89797.94424689525	8991.050224949366	4567.373514991403	0.15554993979454684	53.2535887248695	569584.9170655143	2.2385933830005122E-4
643774.8604005248	5593.242422884972	2877.78350508131	0.1856003481572019	0.4173757410260661	537170.5445276696	9.043158209004755E-4
322143.75143017486	1205.945353573279	2574.460014439241	0.1757302264618375	51.21268561796592	436711.19528607867	1.9584538455214172E-4
41974.53777125417	5481.898973273323	953.9698519105568	0.14493290246075263	20.29228018780816	292902.4170449969	6.375888434769618E-4
107617.22326154052	7073.084837919713	5190.98911510491	0.15934445642823264	22.94208374762311	453738.536122533	3.039784663022793E-4
15126.44454385089	9016.941284890836	5926.5291748295385	0.10885412202055292	40.586883678666894	680980.4646539366	8.346055338291257E-4
12231.11857452479	1734.3352858536664	2651.053346712201	0.12186862379442284	-47.450973182352016	517073.98607231467	0.001116786883640677
15747.522368102607	4848.872578918573	205.74018557001045	0.1201305899695613	-43.81724364805546	483272.2748725508	3.618233808425938E-4
13518.220582338943	673.3895441644245	4860.230025109881	0.12535968788328652	57.6316654862573	241162.2737994883	0.001093845743502078
11259.534571874628	5344.434677064423	976.977222886338	0.10164722948105205	55.235639961892694	117296.02451432127	8.67079022607271E-4
63688.28051655328	7407.645623210108	5895.426546226423	0.15123805013318914	-15.877364247773087	757677.8453459789	6.002371131314317E-4
63089.17930613605	4943.008023647517	4082.1498134558165	0.1501520495554255	42.060126233711784	227330.40617151716	1.5731159635993283E-4
87666.51733138296	8229.649845816644	5201.325417877498	0.156076711719845	-36.99870184856475	735274.117071449	7.661804959831404E-4
13724.9608772745	6469.548936994393	3405.2105475064277	0.10042624339554007	42.4053660879793	157325.11963425018	2.7535166147297976E-4
18554.68204956734	8980.861487411377	1847.9794090493074	0.12172693260746831	-10.243876036581106	423969.58957629063	4.3217553977744196E-4
1059976.7862585126	6799.279462757323	4669.49769241822	0.19252318149107772	-53.654318122593494	234382.72656422073	3.973247557542883E-4
16043.181514705791	17.567380488037188	5217.604294273132	0.12947816301785334	-54.436302780531065	511777.88079382817	8.785441613900147E-4
109252.50523095879	912.6968632200194	5038.2744916051015	0.1607506421845991	5.662234234616569	624966.637812185	8.183771602943374E-4
309148.9481320731	4125.041598445092	2461.4312116104543	0.1750794414706392	20.077527785401234	463696.2967169404	1.751694022555856E-4
8258.961719061028	511.45855289512434	5777.455739923088	0.11200838639257915	-52.31758323617728	607391.8043612441	7.850560000888455E-4
149928.8211789971	2046.1538812523615	3810.674808613909	0.16490086648395952	-12.25470155717426	544375.9645458004	2.623106905697041E-4
537964.1997250451	8928.927310421479	1691.0288236730728	0.1828978286071715	9.016965672019142	719224.889136647	2.2652579641434486E-4
45225.35619926883	261.40777794368296	3488.702083819825	0.1476940450714639	-36.99117044922499	427727.9802429001	7.85567104162417E-4
1378582.2066192213	2246.6021108566315	4472.030983602004	0.1963007461495545	-0.4861816247457984	70478.08951156553	7.011034659786933E-4
233963.38023392422	5380.7571771159	2911.147740906045	0.17130303713523376	2.5564113219150055	81240.8939664969	0.0011906297283704262
836737.2498096545	3953.947597202744	5496.0142827539175	0.1892907184151729	-44.39796540515453	23067.65165631108	0.0010962125187429618
71707.15812562755	4827.170954461454	502.6219945748622	0.15340646913963807	54.54160593806094	118145.15410692574	0.0011189798274935773
25177.54032613352	9479.906960247821	5400.515743872846	0.1329837624903506	-6.931125789838978	51675.44335161023	0.0011127439803574305
18802.245755088305	4413.700403814325	4862.2979534913975	0.12759315798543486	58.97282757962687	37298.33417387946	0.0012450731205044228
802586.6072700482	6223.85494523676	3555.7856806816917	0.18866381413223243	-30.862345053686333	662932.1550996342	7.907647891385423E-4
29630.850654676986	5055.465074892268	4097.728354464405	0.13722586032927583	-58.14405898960745	552672.5985617003	0.0010625267546957343
51941.75860266288	7437.355092320207	2179.8866104114	0.14821867917449422	-11.319947862815212	248603.95212075496	0.0012332484715695214
1713668.5156872687	4956.021146917683	4373.8646605538	0.19927381734622085	52.77544464831267	608405.0742436937	3.9805056546429876E-4
105572.07182790466	8253.131641945338	4918.746843587999	0.15830383916044835	-40.52765002872373	743155.8341032407	1.7313559355411072E-4
14192.418073269206	5743.97353802257	5975.410083853888	0.11075289430908236	-26.834329112639427	752405.350009297	2.505991557308921E-4
105832.9833258744	1077.312858010435	2476.1259683862395	0.16010745995057613	-40.04635223840478	287924.3976502439	8.726653095357742E-4
418760.78156367544	8238.038093571224	824.8529553748198	0.17933719717234517	-38.66425395792424	738103.8370121729	3.5444824163050835E-4
376982.87338606355	7832.53641212765	5335.461813455814	0.17785588818280262	52.49072269848724	461545.5347343476	6.940849668907828E-4
1244953.1376793925	4792.666561541715	4882.822771364366	0.19482175547957342	-48.513379340134684	245855.24115721945	6.181963710937355E-4
31169.70210301557	7000.313870386163	2059.1297871227807	0.13849430796593704	-38.37090232809928	19436.09935942061	9.102527825784628E-4
300039.16217001213	1323.844580327883	2708.445927907088	0.1749679818748317	-34.300601344577444	669128.1447251856	0.0010585279618838177
329424.12165457953	6669.755386670223	320.1686729154418	0.17604686461770627	29.79805485518116	74829.03256042408	5.052274087647022E-4
16351.880996262973	2387.5400780385758	3768.987087158659	0.12649059093253795	44.033093382774894	167694.3220007844	3.692723222546962E-4
54229.82934148388	7701.404517105657	3559.030788243957	0.14859339148620188	-18.58201736901367	613434.9293701425	9.285556833845038E-4
14755.750865785678	6935.0246216051855	2631.724519685686	0.10964402708612898	53.162221544872914	263863.03786943934	5.226641106063971E-4
18713.261865924476	6481.796167030837	5766.159016404373	0.12838077485698476	-2.6413824593550372	414030.5054976386	8.23289290959884E-4
1185387.8063203837	9047.184582902248	5124.460596545455	0.19407335676016535	-34.81301528150286	649165.5388290078	2.9673630151969997E-4
94575.86144496819	8492.42985943696	2079.1392732949253	0.15703878064297855	-54.69306767562249	786437.6368989323	0.001189877949033813
41125.45319151525	6594.999100778175	5998.297997591986	0.14128172613494588	-58.798382614315905	166066.6283000221	2.2385815453089924E-4
36123.884269034104	9555.930970733583	5766.073858147553	0.13985305608116427	31.975159314543628	62236.92981335875	5.82761054713718E-4
68552.72791600895	4520.346582530365	5057.5427653628485	0.15314404463040301	8.811772651760634	608042.3908741004	5.376461274327134E-4
270036.91649292345	4755.754559739782	2766.1506643828425	0.17315935480704747	-60.571694380911836	595437.2787233536	8.653973205784178E-4
21698.377973277682	7508.7310148227625	2533.3346014205313	0.13021208799770745	-7.985365248729273	604999.4005439931	6.808202960317453E-4
12222.334743052597	7851.142912632131	2701.8727731303934	0.10569842876154703	25.413357267064654	350980.97614672413	9.504882420375118E-4
1085426.6807185656	7055.662659240183	472.55081268205277	0.19289499888844835	-35.27709130432529	280300.7914813747	0.0010732208279174516
135716.47066342496	9817.189107211643	2499.0553480018802	0.16268272900524033	-35.23073707319668	266680.95705694327	4.855461061371409E-4
20950.347049606815	9227.292620996042	1800.707442949376	0.12368373455090236	-50.1839551807974	118890.27244208736	7.327323520795009E-4
78773.77696043224	815.557175858852	190.72195493128947	0.15578447668774129	44.18995610433215	444747.25249295146	9.08679059945882E-4
952016.93620062	4293.2578217503105	3612.192490267776	0.19107871683679573	-11.90880931080008	798947.515274008	3.6154789155488644E-4
43547.43980953988	8423.178798709076	4785.926779314013	0.14460729624425195	-6.7327552180287125	125742.0760371374	6.643879133849959E-4
71817.3644243575	6469.057894537059	1164.7116209926553	0.1533740813098795	-6.92276639678269	325449.427965077	4.452249249302048E-4
52166.19923670452	7886.344411283589	3307.0242592097293	0.14773580366307706	28.383058056123875	671389.8036800053	9.293351459367913E-4
62111.10510256333	192.05945226395295	5197.990478020634	0.15239167349546395	31.242128468822138	271441.25692987227	4.809221941271528E-4
1239598.6825582054	2319.0048967144803	4517.2380745353075	0.19479051135372474	-36.909854740802935	554401.8059319267	4.610400652522486E-4
441377.6136239539	7117.1078551274	647.305933016794	0.18022123563171327	29.28797823609838	119530.54986210118	8.882341068680495E-4
1289986.4412694897	9043.371233801437	6049.718364102037	0.19525089929370226	57.25927816215092	486033.04742652253	4.2217678839206E-4
8614.069809162185	1481.4610620859214	223.11840603914973	0.10789603683091448	38.642740709454	386950.48013430217	3.515402115804016E-4
27415.236817159774	5720.151339050983	2483.2573561825893	0.13005249259724264	60.831022793932085	442449.32481529005	1.8042644182848124E-4
61180.511938115524	6543.772012280494	5263.654232851715	0.15105923871870053	1.3318560835255226	762288.9822192139	0.0011753078114855955
13841.320679716526	1567.855948454071	3261.533289464772	0.11213861499085911	-33.5110667870555	232363.38711060188	1.3241206129338057E-4
16450.559966757966	2873.701755728749	3286.1225453325883	0.12066991061206916	32.23774471963013	607196.7982334127	1.7524568019512853E-4
1141084.301650415	4965.516195914454	481.71028703749624	0.19355398448120437	-37.64025698194366	775705.0645972384	1.717836280236833E-4
18681.61418042365	7224.68653975592	453.04473764169813	0.12468924470627393	-5.179545564761598	350466.36437637144	3.377311049910153E-4
5292.580576932503	43.61659759707703	2122.0847781372345	0.10773726725199079	14.471897560422242	236262.57091727533	4.6455458415269377E-4
469481.139220463	5755.790660726691	5925.911619922766	0.18105340665987507	43.5889055441505	7613.839535761312	3.1875978049896326E-4
152448.21711487413	8100.498575155032	3981.1294816992286	0.1646437475309276	-35.12493097919217	134984.69822808396	4.817403960802175E-4
31276.15441559251	8917.213925225256	263.4754577891935	0.13334478670790945	36.706305571179556	123108.4402000778	1.6673032686467042E-4
209423.5150608027	1431.2655648578786	560.3596178893749	0.16985351869793858	42.16368552980752	120170.4776712463	9.152372480059668E-4
38637.53512365819	2121.8709512384826	536.7406092511974	0.14508270938501705	26.885545022854775	242646.3946852706	0.0012045162004918784
44113.45005687004	1252.7722151984988	5401.956497096476	0.14735095370861523	-4.9215920438372045	761773.0661606459	8.080868226254921E-4
7237.756653110213	3215.346033089396	1331.7302537330868	0.10359447905905927	-27.705095281258465	155823.84433646488	9.950016915900716E-4
16271.151211024007	165.05037749824703	1196.6140058663216	0.12626291699566483	-19.018974545497606	617413.1382709434	1.6613999550613506E-4
352177.2717935257	2086.3038019882483	4963.331020142146	0.17714186861494108	51.52046539991362	73769.39026655749	9.439076601400364E-4
16570.714969270506	9798.758583122437	4272.82631832462	0.11603331748609301	-26.583824532160246	178472.83870488507	7.279019520923508E-4
24666.048748146233	2272.9613945554715	5167.223187782877	0.13804458648856044	-0.6544396824730696	219820.69154488103	8.294227548314316E-4
5124.520746470999	907.3145419741036	1552.368828098188	0.10407633757524742	-23.617783674894834	297152.29807983374	7.950855140484174E-4
816423.283878592	219.05616437700058	5417.522678795949	0.1890221614816902	5.610831243176998	738113.2550963778	7.385013762000217E-4
23301.465008651365	7480.579326236967	828.9591676311187	0.13084826378751804	38.859141658402855	721817.3977689453	8.169805152346123E-4
38968.81485463039	4627.8895438981535	3937.5182969016014	0.1436988935160437	-0.8287529807817089	376340.6263106423	4.1015335751039766E-4
10662.402955501704	3021.1997460833195	5516.490076653743	0.1042060876677473	-19.29896968445054	253754.52719439645	2.019285350318004E-4
22273.423781726044	4026.2604747443165	1611.6161843199047	0.133626939594985	-36.938587266714386	553579.1765427319	0.0010840463428485388
850336.3053257591	5172.211579961169	4194.154289902334	0.18947071471358204	28.365593384327333	746141.9499615956	3.391973476145597E-4
6231.261970789953	2191.5045310728888	3581.8388423567635	0.10699474281043173	4.411986935859673	171884.41123882856	6.530449471560959E-4
738246.7172707787	6116.943317583809	4512.962035496411	0.18749136652243553	29.700336042738314	430420.65810724586	6.122887908262199E-4
1353801.734382605	6095.445493295673	4052.63659198025	0.1959838511494701	44.953699907408456	464132.7761111348	7.344352915489766E-4
108925.22773254625	6432.67383066047	174.68812306410814	0.15953063775523188	39.40267138814726	758582.0242163606	3.76303189361421E-4
23404.105607324396	6632.033355011581	2181.8512293474437	0.13036066986644299	55.93850015803096	632733.9670538488	9.222817407923064E-4
728581.0109666357	785.4579831106367	1290.894325069916	0.1874292632564037	-25.30644343520557	242308.4348129606	0.0010808758103918853
253944.33471491523	3786.6594589564197	1531.1457465140484	0.17207986922782148	45.218375822138434	350095.56592401105	1.4109032380304798E-4
16600.49934056249	7917.687232235025	5868.069331402423	0.1195025331893579	-41.726333215674345	477039.0216802997	0.0011782703234434755
65200.581108353894	4375.324148299671	2154.5180143010593	0.15140072473733873	25.39237999357335	499388.12662202615	1.8897216724268024E-4
161391.66303478336	8546.244463723819	607.63115495964	0.1656443185811328	4.218918781135928	78220.82662482388	6.949860761978997E-4
22607.348140663536	9577.052509470794	3707.7708433819516	0.12440378909785509	46.415096725856216	597034.670912154	4.319773059618626E-4
14293.179378570843	9745.207602053119	540.7204701568655	0.1010063873266681	31.653621860961564	783424.8317229947	9.13893615311906E-4
1664315.8980907537	8461.031865345614	4447.186859382998	0.198855427952419	37.80847448063613	658694.2151132599	6.90320614879655E-4
128632.84708782878	9457.077965601648	3803.601228564234	0.16213416110290185	27.908093782505397	22428.609869156044	0.0011286255496390013
1132721.4693006312	8881.369090050208	3071.5211914871275	0.1933918585805408	-33.94180045245182	553142.6886093363	1.4021461450147216E-4
18058.271545515527	9841.501248138658	186.3270565697936	0.12202002307043319	7.482965480204129	243440.79287797914	8.176847335767452E-4
13303.070608870958	6305.516770232031	5683.593811106837	0.11507622977025261	-40.78452629151817	133835.70133956373	0.0011722690368109793
13788.22601521486	8063.41199029809	3118.111687442306	0.11085472672579227	-31.338457715206115	511435.40234201564	0.001019721264702206
132685.7466006458	4275.636209961922	3645.573066030573	0.16305265513524092	19.254967836824584	267319.72616395477	4.2307333843596317E-4
628625.983938103	3778.100352065785	484.0081518757693	0.18530709984120655	-11.529012382177863	90280.27055325868	6.156592378931591E-4
4774.996310224617	743.5072757299977	3409.245816584794	0.10856671936778077	-0.018180643775504546	424655.34188986436	0.0011705928771818998
150580.70075494196	7857.838892242249	4711.009289032494	0.16412261356384428	59.71467529130199	209667.2044809978	3.1113975257522435E-4
986700.9484218952	2515.955141410179	5930.102793335166	0.191609712119437	-43.84003712773576	554108.1560498719	0.0011025025662194895
72906.29971534085	3390.1064226673825	5929.940391954895	0.15396055829519578	46.351662048762044	638006.0383577954	7.415006538374935E-4
553961.8826375382	3444.865848420886	638.4372289067326	0.18351118092601154	8.811187321829518	581420.1260434942	4.100981826723119E-4
92326.01448613465	319.5538141494869	1816.09005367613	0.15843100574135305	-5.623550913443283	263351.5829237483	7.022122785228675E-4
464231.94165902684	8005.826335015767	964.6333274525109	0.18088215309836275	-33.72549022886032	517875.51046452863	6.647963083543996E-4
284506.80287165643	8736.624439178262	536.3620368896018	0.17391557821162462	9.460350097508424	418345.1348972245	0.0012012834205326933
83264.10765176383	1090.1922554443222	3287.9361682952444	0.15558169243251363	48.0049661394656	325360.9620332696	1.6775612583816164E-4
7175.1250063499565	585.0103352607916	3217.320499921172	0.10920336466466171	-53.71359868118885	15460.243086037683	0.0011174675550454885
27260.97324555539	8374.163042112104	5842.456694686625	0.13478263179039468	-35.15896164249645	202664.5714977119	0.0011574400075556749
197390.35769668245	1274.9191339400356	2773.7184848076085	0.16918804459488745	-10.035150226278638	14832.677090514455	0.001179548454480624
12450.052493238552	3420.8959260950887	2644.4185376350506	0.11809523148291899	-32.00945795669132	244825.0027849141	3.9364240617153557E-4
122541.98500637845	3686.5761460915737	3471.653684540528	0.16206614439835465	-5.112905145322101	696830.2549477534	8.263572012560691E-4
199647.8972568734	9791.310325954448	5798.9618656568555	0.16855754162669545	-27.07403548481781	463521.4901753712	5.455712789036476E-4
263121.1599417039	4471.797893298133	5634.436653884571	0.17284276697385764	-52.55677461394319	459540.8836747229	8.677736536467823E-4
1064154.7507844614	1292.6282271747548	2300.322647313609	0.19267201883988272	49.50150967919027	449139.80828069185	7.078094828178576E-4
532691.0697471611	5108.338965589879	3473.096554122899	0.18290402960069274	-47.99170040444139	197317.69394210193	0.0010305217973050906
72368.63569370353	4003.9324707056735	1272.983272083775	0.15394040726202407	33.41151745634208	529597.6572189128	7.831327738896089E-4
11272.342662323852	6682.534676719286	2275.3314205769725	0.10330003146822803	-37.047129854835546	167560.79378252005	8.837428436593062E-4
602863.3261052085	1753.9739903796592	1447.768616837623	0.1847515339563141	-24.617818086029942	614392.8185194319	8.040156571674815E-4
900156.7925020421	6796.5861318663765	764.4356794660882	0.19026499328564872	-0.9942324868876087	452457.3419200098	3.978283199192161E-4
32200.695148107457	993.0912018746196	2587.663228198276	0.1422679481621313	-7.488113040456453	719815.5547155418	4.287131761122086E-4
83193.76657875604	5026.0753377615465	5265.072014453464	0.1555592265660133	-58.518563780905836	417960.9527792089	0.00113712856781001
941580.525440245	2170.5072609740896	1481.9938278692803	0.19096392531828135	41.05549904386409	441160.7675344069	0.0011317222560350228
506281.37191705883	3428.771174134774	951.3462316962119	0.18225823273929262	35.061742490247546	378010.86318611435	9.456110288949939E-4
489770.4513313769	6895.916981021911	4498.0899443573935	0.18167640473293334	26.27726510343637	613595.1428829657	6.005476870497162E-4
6811.612447581877	260.06998422208994	5154.228377692839	0.11154118506761392	44.46594169066643	312189.2702005678	9.386673122550485E-4
1063532.6318246045	6779.191047469977	4650.367393835995	0.19259773865416316	41.57066979662037	7895.256967408091	5.128272304353011E-4
189561.26527072335	1547.4452939098471	3742.5177450237275	0.16839761246162804	19.66703284309306	448864.4288296059	3.988107403292969E-4
218337.32711940692	3480.5811399475674	5783.711175015779	0.17014693821024487	55.70075101957309	544971.862597219	4.916858864847792E-4
847211.4105548562	1896.7315884228008	2038.4927242160975	0.18945384845495497	42.311597099868386	469827.6734906096	3.1378131536525904E-4
21483.30270718514	1357.6149545232886	5417.060595354928	0.12796817109066574	-50.434962840212634	341337.16825727484	1.4172271262279202E-4
151443.17164807004	4588.710746544824	1887.5710847072066	0.16496154155099957	-7.358956014459391	209219.44815912013	4.4510671618801657E-4
14580.771044298564	1363.4645805674538	2168.929902096887	0.12757547737138258	-7.334155735758866	13814.56249618007	2.877433205012813E-4
37477.68323738419	2061.405739686566	3207.9473581021502	0.14239234735890594	61.54770116233737	77999.83909873807	3.505949276281342E-4
40210.34429519644	9403.97071526645	2098.7434310802323	0.14041902302835368	-14.208000021928498	749442.7181988079	1.9508668548865276E-4
143864.07531726724	2661.6832304478135	3199.8970248719343	0.1642527156203903	51.45237337396413	378040.3934438621	9.741596146250484E-4
29286.34250724703	5274.544139749064	1494.6659474006212	0.1369628229397633	8.08075353844109	45843.34701600992	2.247554826012324E-4
4446.400796316855	491.06355286013815	1292.5387253131246	0.10497268010408417	15.92882911807741	787017.5720790018	0.0010230158661198442
311328.5937689182	404.68103625767804	2308.4829572065587	0.1754310391140329	58.42703944197387	748226.1973688515	0.0012338153018897845
1017573.0664667768	4999.8677942492905	4132.629619636307	0.19197674048282404	-51.77144347195297	773441.6138747894	4.40403896308779E-4
24158.882028796907	8776.558580966814	1777.60054008879	0.1272659928163155	61.55122294476764	28184.294693105236	4.99987516288833E-4
55958.96440558911	3068.378737187157	4189.801112562581	0.15023002825846685	-23.295027981283	226340.15856241123	5.192349924809351E-4
76815.56856625593	7874.563294372183	2582.40988399573	0.15412104107632507	10.815780434954307	269671.9509529933	4.397359196703848E-4
101768.05843286369	2315.253945348866	2824.2898997968878	0.1589535558237186	58.73523573708712	515076.17007259146	5.277782057348263E-4
94000.23685421036	7.102934410205819	4539.031490176832	0.15817456824743897	57.24473628619389	701771.3977044327	6.512040766655801E-4
1150973.7791482955	1425.4308702778285	2600.6984910713763	0.19376766543653937	-38.24798806336123	774838.6372887864	5.478658829045302E-4
19565.115417027107	2923.607577064445	5645.699063410865	0.13363834291227408	18.79647194088068	44203.80800487815	0.0011242401910019017
570696.1989286335	4818.923096337638	2906.3309285396876	0.18383700458514254	56.779318014647394	435827.1755136262	5.74719455763834E-4
627229.3495521928	7910.74958129563	994.2784817985972	0.18512397485128496	-49.06331240116247	590644.5994548766	6.955462560280552E-4
736297.1344765832	6188.759662558066	326.1358548981581	0.1874626205751396	-34.925691690384134	157272.82920092577	0.0011988565718211329
44044.85371283025	9937.627650202725	2174.2085441040263	0.14285027087715435	-30.264778516549082	172665.90812887307	2.8891065290914344E-4
76712.01785399928	3128.8051464838086	635.8442130297082	0.15493316250037054	40.98112953160273	177365.24462733237	6.475708944679716E-4
32997.20346294401	75.50331249472464	888.0013708476117	0.1429867526751229	42.66358908849479	516996.49748357444	0.0011714603308350857
54603.06352071981	8974.386903570128	4260.290590013933	0.1472034818679196	56.00530456055187	224218.3739728153	5.07712661269715E-4
137702.13274821194	3684.4251687898277	4924.417767724528	0.1637215198641035	4.067130781251197	612005.6872055478	6.47231031321939E-4
17683.55363735118	4150.014544684918	5646.075950060058	0.12104066986559724	-53.89494317767432	26060.928970323035	2.2818574377915719E-4
25452.861344122044	4792.296314494637	4407.518516360252	0.1325251813372032	-61.248195486766605	346057.02052463393	4.177796245835238E-4
12627.595742860061	4099.179123428818	2944.9943459800725	0.11838356983265665	-13.534024665110577	103050.70368462634	3.4408885290270743E-4
131954.053060552	92.76087558485635	4099.650476335959	0.1634195205555508	34.8639103918533	83339.64097243336	6.736614008391868E-4
1657662.6717287032	702.4169888133969	5994.469335993458	0.1988655091607081	-38.8910418008724	451599.2874707374	6.60566497629217E-4
173488.50169454422	4304.3632899340255	945.4474418328975	0.1670077333449359	26.24923845398225	608950.5422390765	0.0011167508206450724
32650.063997263227	6108.902192671507	1091.9448652096885	0.1382211711212895	56.768933440452514	636687.4970728778	6.439044551709832E-4
13662.714638517493	3643.2452387830926	2720.155593581957	0.11196701702261441	-55.02916991976929	425101.5790414684	3.2673990645172167E-4
14065.729659175006	5418.465479799585	4164.265779176407	0.121866190456035	14.315684359969694	325085.660429045	7.785129134958394E-4
11591.021664834436	630.4329906724171	5023.92332085186	0.11726782911419459	11.845609575626519	52691.428172471205	1.6756989738093126E-4
12559.110301513172	7365.025984749441	632.2484586109564	0.11049389799401786	21.224616807194085	572703.1895196465	9.649791101732826E-4
1415505.9856933323	4752.975411620587	5441.8716764979	0.19661349340380097	58.60781510443994	348191.65386303264	0.0010654112648900255
25910.143837907195	1692.586253919588	4833.405045342386	0.13796722986639764	45.71050667391803	255492.95689907487	9.963764003881454E-4
348334.0319038879	6154.4399093420625	5587.659867292184	0.17693591970882222	-4.180031831944447	18602.745201877944	7.825169128984509E-4
198480.5660929096	9686.847443214496	2700.7841751766273	0.1684998077288999	38.80712907048939	115560.89922339434	9.607842526803945E-4
17460.701161572324	3858.9849386590313	2699.118564971357	0.12240968649060302	-25.74274066855516	388267.5191850063	1.8577658300288964E-4
28408.80474367327	3058.1605895435328	3809.097007791061	0.14001248810579048	4.421768624534387	186882.48166713043	9.862548168815737E-4
10474.76280509434	4014.4007407688287	5091.4681110841275	0.11704179378680014	1.3791309417837447	503067.50086547056	0.0010741968545855296
661743.353136068	8728.33835379288	1851.2847212372033	0.18584915190867385	28.271001391661166	755695.7684730496	2.666976057703865E-4
1778907.7650643138	554.6480195360338	4802.903217792123	0.19985493271743288	-13.049782871466576	773169.484507416	5.806457448951803E-4
15956.860164563976	942.8712224131853	488.6123913983917	0.12997754296626277	-41.64841071923992	611952.3198995623	9.788517689151954E-4
16076.505146518197	9128.134738775543	2489.9901171293454	0.10970966544611882	54.01072006876994	43228.62101721312	8.932880399930818E-4
89958.90994118025	6068.336576668618	4936.511615102425	0.1571017886517084	-14.019740839634137	292909.4481603832	7.07738204291137E-4
39429.62917342963	7684.463016838607	3236.6944441284973	0.14193968143240648	-38.924615426453016	78525.46871310912	4.1400687823671325E-4
6724.172897007558	1710.9074512853606	1490.0343986939918	0.11117548937390435	-15.78071138387044	644486.4377904778	0.0010728542114781926
129438.93166801363	1217.6919747887082	903.0533194559025	0.16310698421553657	15.796033244508923	482149.8725799566	8.091515571254041E-4
36511.05035102511	990.9387096923961	2416.970739359007	0.14389369455553475	-12.395613422477062	538636.2544495087	3.234710841261723E-4
19913.046818620533	2036.9607932805445	4973.453070950475	0.1339296026908509	25.032316584513943	706107.3787110576	0.0010068673019609988
6523.969378657605	272.32929775497183	5140.115225857225	0.11083480638113746	-35.99897233106353	469107.52472785895	6.703857059774562E-4
265937.9749319038	9361.360757533008	4439.9375241437865	0.1724885193468743	47.34667496920731	5048.632505769345	1.4546975469795228E-4
5948.53917585162	633.6713380181814	1102.6669727321528	0.11109148135763906	29.85059569371345	266835.217343375	0.001112274287926196
14174.272234381464	7816.8437911959845	5377.7828871815755	0.10053617656983037	57.6345759425064	749723.4262457892	0.0011682955814291038
30502.922766453335	5030.1362941895	3443.1075711539643	0.13765894823461952	-58.50325193573298	653271.7015434416	9.834674888099702E-4
1264588.5160938394	9362.936497638977	3188.094249731857	0.19500966754066712	-30.051568592980633	730221.4557416111	0.0010276697384638117
35069.78990752939	3757.9679443520554	2468.7545547876916	0.1415739593888124	43.29376782312326	448109.3384372071	5.027867673628086E-4
24906.153816137008	3322.9423698463356	197.91175616471875	0.1343832510016823	55.84907436443039	541402.486755705	5.573503722347237E-4
157069.1622629894	5221.621376080996	5733.140664515084	0.16543157914517442	-12.406969494590676	231153.2383790022	4.1312919378188597E-4
136412.82019414176	962.0092864642793	5237.749261577701	0.16351095899935253	-35.940345283923946	229312.83033771117	2.399370882142372E-4
72804.49763011587	9082.94703548915	4838.014532357072	0.15302800717468512	-25.538389217925403	798770.24086101	9.2857829085052E-4
573447.7399350392	1479.6352820920854	81.2841079480275	0.18403995491695585	-35.37654856152664	424734.94515677815	6.912759518824485E-4
273774.60199256364	169.6760609507897	1017.4947008714887	0.17380399168282576	-9.674882673648248	164172.58296886063	0.0011071999360724746
67833.6590472205	9165.006456951483	2642.6008331834223	0.151484018377748	-45.58937850593264	369857.67542312964	7.027020940909115E-4
15358.610077298534	4623.851070088185	2317.5556162965195	0.12026669012486686	43.12250402106053	177138.97793241692	3.689845882364355E-4
441393.2927122663	1727.8037903115119	2113.0062380717695	0.18039341842625103	33.80642366156109	372354.17043159786	0.0012241589709791896
33130.735755634174	6633.236496918472	1516.0200385018284	0.1402356523711209	15.679585112403176	706123.9358065655	0.0010302117659505771
105547.12410944467	6964.889106764895	1607.2763774235013	0.159275680356952	-39.79481036458855	22669.509637435458	6.787133054561358E-4
1735188.664205424	2045.425601706502	1763.7614461787882	0.19945653809949193	61.32643764691066	359158.89989476127	2.884741993236326E-4
8662.790353636748	362.90195444650396	195.38841401259052	0.1177467474309675	43.04044548342531	621803.7875231693	0.0010945024038090207
74443.93702304157	449.9281530572707	4643.747148998014	0.1546782922468481	17.07804050879448	64973.80111857116	2.0684418698407005E-4
12322.476135863604	4977.71050379247	3268.403680511684	0.10642763291285418	59.45188927087927	69346.17714314925	7.133542056177187E-4
682417.880685728	917.8880430547908	913.2309336350969	0.18648851545614173	-33.32200840098756	787437.750624295	8.131814784623136E-4
12275.299915803014	2379.942420327882	1123.821639592093	0.1260241967734232	8.154567913022628	44904.216618608705	0.0011861852617168866
16841.490269440637	5739.457270649233	60.416993158230746	0.12599066746712306	-4.908476103466791	459961.27091781964	6.125442776399313E-4
230653.57869139244	6880.847989296582	3368.4934475497716	0.17074066935322119	-55.75568891747095	297757.9399969849	5.572680755144431E-4
14587.139419084666	6702.375228896491	4812.070468749902	0.12034018034090886	27.718139647404648	225114.77899498362	0.0011450418256090053
268537.09112482157	2960.20081509914	2233.3869473772966	0.17312664968158065	60.06875790219413	694198.9430122224	4.947660765810274E-4
10900.498530176694	7026.722086945519	5291.407268316344	0.108749647857286	-0.15792338330171019	153505.8685150483	0.001180243507956649
14764.605329422624	2915.309990586179	1501.8120951620447	0.12652368597401056	29.030888818720815	764114.3403733593	8.887228160420246E-4
10250.740815731446	4778.139083824753	5460.100122800505	0.11347372223771958	-23.47993932428714	251878.3194636063	0.0010391420806942343
105218.69971243074	1496.197365457671	4635.325870468814	0.15916720980469048	28.101443119766067	307664.87487157126	1.320226932521903E-4
15277.946703982803	8156.309475028343	438.00009810887826	0.11865454424796527	18.54267527990548	729528.6389533211	0.0011767808973810409
11856.56132342434	3091.46124602632	3850.717264939855	0.11615255228973313	52.777212687534714	620150.5716292305	0.0010672212878850105
12577.204859404865	8432.040222907346	2967.6820012053586	0.10509773358879926	3.015342511938357E-4	725330.2552425697	7.722712011841704E-4
6089.807315979511	2392.33866784295	4976.887034979569	0.10476102792918926	-9.574725108727243	215980.79809910496	7.7582333605208E-4
1680994.4085060547	478.90280114894045	597.9167437557516	0.19907001194679885	10.711160195176795	584490.5989282541	6.163517331570484E-4
16511.861653649514	4778.9636729517515	1641.38377848419	0.12399058739010643	42.84847092624617	774015.8588934615	6.9370279706754E-4
23255.166268193843	6717.426670145111	5821.582200629017	0.13057832917590279	49.191274189277856	42920.93639889569	5.497825941262257E-4
63205.10892849837	6991.130980091236	2942.9990145335346	0.15087478913084362	33.18062908260017	627358.2645555815	4.607908251462797E-4
7405.377882973862	2371.2567434453467	5604.516226965245	0.1070712312540491	-24.539716600733247	587147.6914047392	6.889385661730101E-4
23199.19269545733	6559.381566650719	2440.6029626063246	0.1242408320232746	57.49856399055971	581219.115179362	2.0191900223077058E-4
347549.8205159919	8863.941836714752	4345.633516304303	0.17677215773778499	-4.7386127211773115	183513.6583460471	7.280663206720244E-4
14629.859581793533	7012.913297769946	4847.815570437726	0.11368907337001953	-10.950014843234808	801619.4180711258	3.461524293146816E-4
28879.422347467986	5209.961107702271	1188.4693569789179	0.1356217071257783	-61.94744938598034	530478.7402946142	5.574474121905616E-4
104101.11906219088	8726.662682393	3554.7056692961078	0.15890686283657912	5.5439884667120864	276187.6204374461	5.696175244347859E-4
1390402.7361320404	3593.2205624673843	5522.044382339339	0.19640424278199603	-19.004772488506056	408323.96741175896	0.0011800988707192646
131756.10339633154	7221.607203610124	4770.270773778826	0.16257999340333157	-19.394091984729553	306024.2895651348	4.1628779483884236E-4
26455.29199498268	3969.106177622289	5736.827074820224	0.13648353815120898	46.465209370397424	720017.8186012652	0.0010564396377693388
545636.0575046556	674.1234889462066	2742.3319232432273	0.1832092696242678	-50.773768751496064	340195.89109216206	1.63783397175708E-4
131698.20846562064	6271.991694714997	3503.314101720009	0.1624742293416626	-27.843394481906948	767690.6041430023	2.8421335256301596E-4
114586.48318766596	9604.81210161337	3097.7721842430024	0.1600527615507943	-36.532595330347995	612982.9671699407	6.04431328080106E-4
80453.47762125771	1924.676552036756	2122.018972135941	0.15556051125317094	-58.64737172871863	541379.5442524321	8.745058342687514E-4
663629.1334371719	534.3510020177955	4185.865826212351	0.18600638575792475	57.577097985437106	250018.6824220107	2.454829239776894E-4
174981.65998324665	1064.8116376704274	4896.397724498912	0.16744478442334276	-18.904079222176936	150794.91798102052	9.973935563938512E-4
56346.43701384184	1635.7961534781607	4454.245568999716	0.14979198868905558	-41.47315675578559	155195.54249035043	2.3456807473424147E-4
378057.87848509254	809.2357887413403	2718.1220761497434	0.17819783203985434	44.6610354295874	287731.3769651209	7.662958923566128E-4
529592.314264613	7576.5999738601695	64.93851426575165	0.18265407898339503	-49.34239425851282	214627.94170338585	2.1622533106663384E-4
17742.672228591342	2643.1604492043393	5144.141974409491	0.12600742241393484	35.5082408210173	169682.2902267211	2.0877616963956458E-4
722361.8104181157	1747.3314040865873	5581.347237184002	0.1871666674599563	-53.014163901738655	154046.0080134989	1.9318912181366083E-4
12124.812615360805	2419.2014222255198	3094.552023778565	0.12497774084288721	1.9448074878979456	511862.9760790611	0.0010673004498162359
7346.800918315567	3309.555097336271	5800.489022788403	0.10406775241256327	-15.027435414982524	682243.9712713243	7.029376789478321E-4
366302.30578745215	1894.589550893816	1879.3705797320165	0.17763726269451657	-55.72397036013667	11543.390288344788	3.616862727070128E-4
12281.938002544115	3621.6143379764	2795.6783823380297	0.12098377521637758	-30.976726054740638	159164.331665229	8.691911271259171E-4
9567.371639712394	5469.429028613029	2494.6951840665083	0.1024501757475835	28.427936857485196	223515.77946359184	8.011026734695363E-4
12520.768461206177	3165.9419273363255	3807.733864189195	0.1020857031285763	-38.81404555417854	747015.9379774587	1.7779139450931587E-4
15970.429832125179	8126.935915133891	1000.2490391414456	0.12029377179539802	-21.541706572808483	64090.672327870685	7.390236985861852E-4
84055.04655453603	946.0275630533388	1679.6131470332784	0.15612272518630288	-41.841883623875674	664925.3210321163	2.3912239628603082E-4
26360.256308056047	7959.2416461417515	772.9078130193625	0.13343263510541364	35.62422066251375	456812.900968457	6.647870682450435E-4
39869.40778339436	8385.415494580951	2598.828648989589	0.14268879105853371	-21.875554605263144	206774.89802524235	5.999249146959849E-4
1054782.8219586026	3909.9531443411397	5919.408166900838	0.19253156842644809	-26.131066422085524	601539.8689210078	6.040101124392364E-4
16512.4283920682	8804.110123402548	5680.019350409196	0.11316568768362453	51.35753853444465	179639.22173128108	9.799612483797687E-4
19523.929987677395	4503.2552035686795	2733.5746272089973	0.12539897009211923	-60.5955096578921	401114.95244218636	4.2413939380869916E-4
311500.0751242823	8513.020614623258	2351.7816693783157	0.1752184298146537	-4.625676067051229	365204.1178830744	8.707827911696968E-4
63293.09322925943	6157.749519444221	706.6541601663141	0.15063397583131138	22.90534679083556	646082.7868588262	2.1993026603885695E-4
17594.23725672533	7558.074829136571	1128.7677634987826	0.12059186606232525	-57.03466980855599	12025.087203512761	0.0011902854874646595
734402.3881900539	4273.710410446641	2796.45293205763	0.18744920704249124	39.21663323977316	188511.71655028235	7.629651516272652E-4
816969.7347945487	6859.6638928907005	1079.8767294077147	0.18880697103751717	41.88016012589891	433232.8104983897	1.5941086358783497E-4
64995.43178585377	1801.0368173596814	890.9125677976986	0.15287908351267654	41.010892484418314	169292.40330042376	0.0011231361262298255
146028.42922978275	4721.143277022464	3980.0893954026246	0.16365368260025795	45.700112370470734	600604.9457989319	1.3528972739894349E-4
278465.9752155987	7201.635367151741	5529.775406634305	0.17352152572185497	-46.849842642971126	725052.2219253927	5.807304547457275E-4
42017.303613238706	3553.486899030478	1204.5390674372693	0.14569711132159097	27.94519166015964	119424.91766802488	8.179177290192527E-4
10116.321217656894	3099.6199277387527	4518.130727889692	0.11279297840865096	44.10794241688932	148943.0205066062	8.574127133634822E-4
83854.53566523157	6025.5133232466615	524.0737264888824	0.15594734269587335	-31.414762883580657	557762.4326823993	0.001021278339366104
20092.011710626906	8335.175450897019	1378.4292113343176	0.12275540496154916	-51.29792824944098	647099.8805166445	7.457905653503686E-4
6741.682270761035	418.30396603693697	1193.002526075857	0.10171188797010845	-42.20850362599569	537007.670089044	4.406961475911602E-4
1113392.2038699933	2873.974692778348	5423.199529058973	0.19324467080694863	-48.732857742092264	572830.091558939	2.2622623953310272E-4
89684.21518895947	7302.751155353128	3490.5108165567503	0.15683417776191028	-13.474072949540362	535854.237764008	8.645734360474266E-4
909218.5966391767	3364.919636940682	5977.203388531317	0.19046367156769042	21.51200626925642	718750.266032005	6.243354627204283E-4
1738994.5023414018	3198.310198058922	1151.440809241067	0.19950368349433356	-49.40858002694363	631061.3102292252	6.90736103636972E-4
13786.627619317382	1267.9356353355763	832.9988978496453	0.12096204345615108	58.32507490454968	183660.18431976836	3.9795887347812735E-4
25809.26651639995	647.40224337404	1147.6374918815404	0.1372715552073901	16.76151991796881	186080.33776938167	2.16338210531789E-4
87033.82967684207	9064.85883340409	3207.158504499187	0.15526297919798798	-54.49616721312973	457313.1974025434	3.7574047635375977E-4
5622.873795380234	45.4857594381608	5389.424339757704	0.10302749345834207	-52.438880073503015	41045.5836137245	0.0011804917084948696
96736.90028608937	5981.060958732892	3544.2415524869243	0.15779502146859292	41.26810376107877	420954.62009196234	4.2922449445978835E-4
40334.987868922246	3403.82361703487	1274.4696796161827	0.1433557877300511	60.65796669044841	114859.70092114343	4.183500551219927E-4
4840.708323238968	539.3026511284127	3222.682239291866	0.10476225378084889	32.244904058611645	72468.49516465646	0.0010579195633818631
33649.689635277486	5509.36363949171	5657.8736986833155	0.141046399494922	29.003509239354955	304592.82780771056	9.1223666617317E-4
15911.911544732271	6370.217887039063	4557.096581858428	0.11752356267940194	9.932187309709667	96703.1521493007	2.3520503331308923E-4
479949.02992338705	3853.827457545208	4927.772825747678	0.18141062529650492	58.67626621509146	493469.6104981175	6.748821964533948E-4
1026800.5953632524	3065.469927934742	3940.754442970969	0.19216611064642874	-34.046521298495485	749374.3662875221	0.0010183374669932382
11383.85606864767	5168.940582358433	897.01568561862	0.1100866978962914	43.85819000572512	341531.17835060135	0.0011476831380883752
105085.64196502356	4971.345115273739	3673.016085308947	0.1592239996665915	57.03844660249691	733619.9100935948	0.0012135404759704529
242653.24160539513	1388.1089265706714	4144.668564357793	0.17183205338263327	-52.02032338196312	741018.1102435513	6.312219769952814E-4
100206.82131607126	9327.546588611258	324.4053556542885	0.15781909943344263	57.163693245675084	351639.45637219195	0.0010090962172089322
16868.92677089296	4546.428979335149	1316.3065888893545	0.11974145678857401	53.73920986819524	236579.43581616928	2.8253363393785844E-4
335507.05237775727	97.37362959368889	2189.4674271251893	0.17656798088093603	38.56156035961378	732663.021626082	8.925266090290718E-4
170265.9765635513	9242.896901144586	2942.666845283619	0.16608099341269522	54.627844105714175	277749.7548305729	6.477917875481407E-4
861857.2216620075	4853.576693635609	4326.736981128873	0.1897039876649657	8.276949748664391	300506.3487182486	6.561190953334616E-4
104323.78266982862	8735.009034515468	5013.447335876748	0.15858099904650702	-46.40875322020448	653659.166629823	6.216133601245588E-4
508044.96397387463	8985.459366071103	837.0830230041155	0.18217145085269015	3.7645910597432906	50077.828769698346	5.553682092247475E-4
56195.56190932922	2776.386971177953	2212.0668389265097	0.1487461260311938	-48.80468826816828	383430.2948597291	1.7617518578035463E-4
20174.551404285037	1005.7804164377793	1282.8813167671733	0.13080766155507403	43.636434611211314	615681.3814075905	2.3311348770371115E-4
51426.743290365266	4296.140155935504	649.5326616756067	0.14661594684537416	-38.15983446704875	113453.76701334726	1.4586521475848854E-4
211525.15130553697	182.94217649248324	3803.622930674597	0.16992235873439604	52.11845396041694	385593.4896911703	4.5018038793992444E-4
159796.0041307264	8901.647994549277	3808.9409065312466	0.1654796600319084	-18.030924117037845	5500.2673989310115	8.234825729165671E-4
594733.2332580492	9520.86771560548	2747.6875363177182	0.18433713729322895	19.147795617077506	185462.18038538282	2.9550961146454675E-4
256437.05287682507	8005.330715234543	810.5317356546344	0.1722864413020837	-52.316722001234076	175705.0283164158	7.667087872833687E-4
10857.64937007329	3265.62118466866	5130.336767608227	0.11791821696199865	-26.51262462976027	543361.9101369752	8.481079648495677E-4
8868.376807557273	780.8752110112671	4385.642370394943	0.10470362936101021	55.05847782588158	381019.22797579254	3.904941500327985E-4
248511.89335444215	7342.3297679575935	4596.961214934222	0.17164032746491664	46.85590134968655	576549.1748568558	1.8407494051136557E-4
58998.774974711945	9385.726110008396	5477.900375607475	0.1492679776235437	-15.08173920038863	167574.3926548457	3.8489444904125626E-4
122375.69960461465	8362.176286678086	935.0171129767895	0.16107685059643395	51.95307886107557	446269.7732451646	5.158028537598187E-4
19934.592384706386	9894.785151455457	2541.457378203696	0.12159737356694576	46.03232125740938	110880.4333604001	7.324725796913002E-4
11126.698706733747	6328.709431191401	1145.4576414216097	0.10149531671482981	-19.073896085204844	544531.5013435091	4.0434240863686867E-4
127827.95721510432	7521.68031661683	1179.389984618732	0.16222113763277074	-22.811438709865154	645525.4100112478	0.0011371698633120455
399901.6158413354	6878.695945813547	4594.263167881948	0.17880445727130279	36.823491692618816	124734.28167873393	7.620377988556764E-4
84244.42598199355	9195.844141652002	3185.6582509712975	0.15496182625890353	55.79306224438688	556883.9866344599	9.129827147395631E-4
486614.6565539949	2204.527482367722	2491.3203369665302	0.18173427225322808	30.229532019758643	187591.0226054064	6.443074197514997E-4
544175.6795380365	940.9915366748689	5817.199457826716	0.18327558499411495	-44.82437443734392	309363.87392141024	4.203030545801165E-4
145303.26492768934	9354.230095806286	1016.603516878408	0.16394612319029495	1.9176277278572567	150754.1524071216	5.75129665025861E-4
1143478.5292679463	4603.239456754478	591.8142449548386	0.19359739140943927	-59.60161320009894	192478.97948037134	2.8465976381560564E-4
59652.20010781693	8190.808747256942	3887.0364249960453	0.14703087051380423	-60.33188883966057	565513.5676225123	1.3433450029002905E-4
741503.5497141493	5100.294610729684	2179.828854973579	0.18755947808951373	-44.3609934169903	382616.7286474343	7.587024781242767E-4
40612.89930839574	2236.537929187368	3974.6908364921774	0.1451979763475265	44.553102325888815	198047.5730590412	8.115595833502086E-4
19150.38215876974	7093.906344074793	3913.207798875548	0.12450147934200544	38.257827868080945	125733.30584059507	4.020707942205845E-4
57913.911764401244	539.811395354165	2048.776098981918	0.15075605416748145	53.47714201421105	51934.94672558025	3.9839566143048575E-4
607631.0981467087	6145.02519784705	2283.6450727841616	0.18476782443550074	13.113305332041506	346937.3629296742	5.944233711327545E-4
1120253.0426843388	5441.209301210141	2249.1916893322154	0.19328412576813148	-6.028006153056781	371761.483573599	1.257010278567564E-4
19238.776751955003	7143.004101935488	1032.478371336345	0.12743882751104105	28.4980066937356	54684.57578521248	7.049481678646625E-4
1110161.2431295598	4542.573016449814	63.526544614106626	0.19324267474411055	8.933983627234738	434041.32019776804	4.6799339982637843E-4
52306.27399125412	7450.034758039794	1085.6664599763608	0.14651323420289797	43.64649858868506	624189.1735374744	2.5392300137322643E-4
18752.20901682855	3076.320921548783	4936.953372585533	0.1302887443283904	44.44063694326077	307844.0280928035	7.249986357520723E-4
158716.09592336413	2107.2560860073872	2611.160653214453	0.1657941820547329	-38.34564379949732	498290.6570834505	5.972637464487126E-4
25656.636352459955	9334.507536970408	1938.509942322727	0.12919578260946604	-49.52248207940507	492288.7054352808	4.2975669724720214E-4
117839.298451932	8230.583738091711	3246.596020686211	0.16094273727600306	4.595316955183849	413264.8741482803	8.764987440993225E-4
596820.308163738	6865.63978474225	3134.722265943292	0.18446407206577947	49.73064332261248	128759.99122134085	0.0011917142015336372
1013924.3702575056	6471.383669793591	5790.556087822466	0.19189124023619575	3.1229540204667305	680723.1594584875	1.680812190382339E-4
9540.650043281736	1369.7270591861932	3009.2113956192056	0.11273896756796459	-42.558023197225225	346908.9768486685	4.185519617368482E-4
147595.63370241196	3930.7587385388574	2649.6869225677638	0.16454899558113795	-8.572093936595145	628203.3089846792	3.2201959490797005E-4
21621.729089599765	2562.144315284959	5021.707698450407	0.1325072680858183	58.326180670618555	459419.46552450943	9.170510691360589E-4
59416.362028569536	3680.5984310370386	5888.685007598536	0.14926734072505599	43.03933788283008	622370.2760320585	1.513847887507635E-4
6351.192015641522	1224.6635768074432	999.4982130193085	0.10860471171058451	1.2889396647859241	166363.45225709327	4.5435153554097065E-4
1123314.8362271436	3177.006962647948	1305.9081366983946	0.19339686132964423	16.601192382686797	789442.3750673484	2.6617943876500915E-4
28558.269327847727	8616.151248113376	2725.929569159143	0.13611597138260895	-9.816341591139759	618578.4006642858	0.001021408622795386
9548.764727412634	3740.675773614296	3612.0300950057335	0.10750628254188732	39.76308892101354	532941.0009685605	7.790918621755179E-4
305319.20793344104	9311.820730595933	5510.507094459911	0.174812279301137	-9.998123620413644	123607.52105797146	3.317613917384617E-4
17761.919300919762	2290.7150495029737	3124.0520938029654	0.13134139078792528	-27.782920509478892	126603.12770923504	6.954700361906065E-4
130659.99036792367	5271.70081245687	5472.030241907425	0.16266324495682033	-9.149423603982825	225477.8707138566	3.561460278938759E-4
521993.3051731934	6339.91838469591	1984.4714480284504	0.18258879529085156	43.734329693442554	356854.45212634356	9.535524637574543E-4
938721.656563043	6138.706885700806	3065.6317101547716	0.19086248480868379	-40.97780188220254	660519.430645835	0.001020281594946667
983788.8669411051	9094.188411092198	2723.6694602738394	0.1914766618424598	-31.445083482193603	542905.1766569689	5.887978987660583E-4
46545.473283620355	7778.773020287708	239.6056441213554	0.14606527369840108	24.5047270382257	222926.94209876526	0.0012165768001623112
400991.19501616084	9184.497303968237	489.5595809640114	0.1788066782451855	3.7324397144154218	297619.43574475223	7.418855689908348E-4
14831.332735820724	1176.4828972621199	2724.948747770884	0.12424786912189162	-37.040191898296754	707053.3845355954	2.634981104505272E-4
14578.17000186245	7276.420908669839	3396.130624087936	0.11119020954491837	45.16454579715306	407941.9382178097	6.192408333048264E-4
36485.59565931611	5388.86122611022	931.1385605948554	0.14113913174560383	21.635621916468658	82790.35542125812	2.3006432538627257E-4
13146.778981545416	2553.4388398459428	1796.500301458545	0.11837453922798363	-28.479647279405867	564017.5758181791	2.4868605441975367E-4
14253.140802111047	4779.051760268769	5696.693491791505	0.1185420987207058	-5.458825691829889	385648.34364288073	2.918049229687852E-4
10929.693062857788	3203.8162964175367	3052.4237991061914	0.10580596388290803	54.803211689081905	776344.1140219244	6.296177793472809E-4
30430.69709134369	5596.587174863876	1006.2410130515169	0.13931936932745298	-5.4601247892327045	660263.6899654465	8.176175166176717E-4
6657.765792297518	1023.8456163076514	2460.129989659317	0.11389764551695447	-21.530390289648732	227747.8044556409	0.0011076777283792593
171348.2060518116	5174.706257755517	5127.454262201975	0.16676068394086563	-29.41178007524153	275826.07404760533	0.0011759050216363475
10294.430776196978	3123.605760855109	3110.595342961385	0.10958212628840236	-23.79735372039383	611096.8372020834	3.248793820742232E-4
110763.1810556939	9305.562230221676	4200.820209930034	0.15962676881129906	-44.75637748787456	391725.0001491396	0.0011546918097585892
213018.74104734862	9889.4821865986	1297.443906713425	0.1694973457034128	-40.2018349306241	791074.0622866872	0.0010545218226946133
276004.96788308927	4223.981282543386	254.09790085382264	0.17368317177998682	-7.7553595459937625	406088.1490049186	6.989383962512813E-4
32735.2695039069	3524.404582185525	1643.5482845868692	0.14145540597653516	34.54633665832705	369221.3910076548	0.0010367207846868091
32483.23905726246	7494.375125677436	1065.8247982280784	0.13855196977287193	33.798680858349485	523631.0259791502	6.243166565823941E-4
1157889.7970682352	2417.3554077715307	4200.433921698797	0.19384151794503093	-46.999901158415014	634371.7696745464	9.517254258901418E-4
1591143.7908245998	9658.726038558903	2813.244418116434	0.19820609765870598	56.09622472981892	508199.79078251624	0.0011133988773305732
952125.9920890289	3019.362618114716	1544.989329360448	0.19104379558038148	-22.789972090541195	720518.2443103242	1.5989787006174232E-4
97101.34571343458	7915.560548378539	2909.2220773351255	0.15787784761616303	34.31964582525961	465432.33144419844	0.0010108911294024261
6890.321639250817	192.91095320789876	5609.441502101802	0.10346874054628362	-60.94603407973111	159221.02473738868	0.0010575556109057617
15408.177522613389	5502.882869149856	5244.7472620537765	0.12230639221312296	-23.245269831487015	735686.3059483622	5.81632295654301E-4
73599.19153568051	9667.354905585242	1570.2727905879476	0.15319498800645448	18.47213953476912	598154.2534774382	8.294123622037715E-4
16147.90578969156	3941.319487321996	3473.6831999900173	0.12819224473096308	-15.249672073099328	83921.34036588862	6.929863710599712E-4
88075.65211982057	8460.420922263518	87.48636200625155	0.15634025960999293	-20.197043135808105	664675.4934394798	0.0010045638921463422
38501.048244050595	7609.905699127316	2372.9038652161803	0.1403338900090875	-43.17958432523379	97907.2125185064	2.3498991536577153E-4
50195.909547959825	4290.926418376262	812.0275507858947	0.14745630668163995	53.54992109657422	528387.6845176099	7.539036133576304E-4
505506.8142371006	9664.705685548768	3804.8688814483426	0.18192020676789888	-26.191402328052952	784685.7646584782	1.6091924430012373E-4
4933.662715633992	1022.0979981493928	781.7895901912436	0.10300251341607747	26.20624911187791	537625.2240143601	0.0012115482931783336
412675.95790290623	3235.09672497301	2997.850525045379	0.17935079285602915	36.14456740532999	14905.296995595172	4.5949393781080726E-4
14080.125923635649	5636.247790002904	528.5896820374169	0.11910841745993826	5.33444075349598	48302.577219142906	3.57295459775028E-4
695141.456609217	5944.472820631452	2228.8379324459015	0.1866687961766299	27.147927273639915	227954.53826506127	0.0010826205672176989
43214.41532521587	4450.126732914584	2738.2658787920373	0.1445068868374629	43.83127391706035	687621.3723392222	3.14332701953595E-4
304038.0033634029	7.892579224508811	1672.2934454933963	0.17497641520808854	58.47655438543252	448211.755406236	2.6118021017686014E-4
81310.61185455651	557.4085340561874	471.80576678909375	0.15537071590135165	27.662570172803203	634552.862877452	1.4278370712478397E-4
52923.60131035916	3868.44038130253	3231.4500618116735	0.14873840093499058	51.66626986360375	134078.81707050896	9.419950814754621E-4
16888.233217817953	4863.349498094652	290.5258340542307	0.12762934966979686	-18.009104108720347	672242.0205881853	9.109079661281671E-4
98913.21353953925	5046.343151629238	52.732017061313876	0.1587291084882776	5.463089906598421	480325.1161592761	8.546027126649389E-4
18164.350504102076	3387.3982068875584	1199.2062753934104	0.13051463553877796	19.29144095117522	469995.44764064567	6.337086585503622E-4
41178.82046563691	9278.54874307903	1056.333244584553	0.14142806357167903	-59.42831156235957	296916.25118880987	7.488615874153786E-4
24688.898651892952	9375.244434710981	3698.18139891516	0.12233203775837034	39.29473259901866	5265.062006695274	1.4136676009741136E-4
8470.95338436052	897.5572773364182	4577.491618249469	0.11546294091219463	32.613177660208926	183471.5520509207	4.7500091409409355E-4
1431406.2796755277	6758.622916459234	3089.6129359497963	0.1967624789618977	-12.08633203223382	744097.6188361378	3.9559030422794234E-4
23497.935895640523	6653.431694810948	1909.2792523726096	0.1332333296290962	-13.722225419213194	406361.8036989372	8.075724585748337E-4
73877.1866636504	933.9328980636674	4218.895702703626	0.15446933992656176	-60.74545331072374	583799.289976091	0.0010907010129970578
43436.26728224814	9269.79130260758	3271.498448291201	0.14422877782468774	-6.267251050178141	682795.129153998	9.085435401144213E-4
197798.8296131088	6813.782350767727	4213.888986490677	0.16855897810741735	54.729597920316316	346563.7071813463	0.0010507725548918722
606599.4218005373	3090.8346882688675	3821.358798895276	0.18475448986997914	43.64950667646067	144522.81635849265	3.745478934062585E-4
10753.272055112637	3713.7131579652037	4308.965839232294	0.1051905364248418	-59.59973305931412	360782.09737668623	0.0010063792299831022
928374.4622121928	2844.5885635030254	5333.632871406161	0.19073899227786356	-27.440746051209633	618449.5776830071	3.1731469620836756E-4
4736.886399865066	542.6550531128105	5088.0341028514185	0.10065997663957137	31.52928001276956	224843.24372169096	7.418419943105731E-4
225147.2967665504	4484.529856331737	3640.548903672226	0.17060548088671978	-21.742015684334874	742102.5120431691	3.2248348876463134E-4
678640.800379657	3860.6782549237064	1385.2057645496918	0.18628346155631123	-28.34620460713611	797347.9715074227	2.0147899155507462E-4
11239.166197307688	5675.3653228446665	2732.7557532074884	0.11042732096616614	35.17033660162204	484330.20198938064	9.783893677011684E-4
23456.517249116823	9179.319585395768	4485.6055710949495	0.1306752246840832	14.66319547972429	598003.8547217303	8.508055357722661E-4
258170.5491137775	2016.926642652267	4351.79656658431	0.17283497566145584	-32.6246416796073	311711.59808576416	0.0011119081395380764
747021.2165926518	793.2861109803869	3624.290396150929	0.18776801592186945	17.424993620109078	718696.3211717237	6.890024771943319E-4
1130537.182602618	4484.4540530974355	3540.855647213035	0.19349894680195778	-27.76412024512143	427952.9528618038	9.301573085879095E-4
13607.966231464983	6816.171112285164	3449.523342866544	0.11009510430208964	14.075993376139731	736681.4710012814	3.5233209983563283E-4
34769.136171149185	827.237441577392	5113.449219104693	0.14259603763546927	-46.8569701507791	97284.8910311884	3.9738526651339603E-4
98625.01784532513	7214.944694874782	3838.35450887627	0.15800800157140565	45.333792297077096	671514.0180187104	7.750660463164733E-4
